id,title,estimate_label,true_label,score
383386,murdochs bid for time warner rejected,Businness,Businness,1
352807,rescuers close in on 3 trapped honduran miners 8 missing,Businness,Businness,1
106299,johnny depp  johnny depp served with legal papers at film premiere  report,Economy,Economy,1
256199,apple prepping move into smart home connectivity,Technology&Science,Technology&Science,1
43325,ripped first look dwayne johnson as brett ratners hercules,Economy,Economy,1
111292,women find their place at this passover seder,Economy,Economy,1
138648,new canaan religious services,Economy,Economy,1
343922,europe bank scrutiny proxy guide bnp rises compliance,Businness,Businness,1
284219,how to train your dragon 2′  Ewhat did you think,Economy,Economy,1
231365,ebay client info stolen,Technology&Science,Technology&Science,1
148873,valeant ceo breaks the mold in building drug empire,Businness,Businness,1
350775,beyonce pharrell win at bet awards,Economy,Economy,1
58401,scandal recap youre nothing but the help,Economy,Economy,1
194799,video of the day see seth rogen and zac efron in drag,Economy,Economy,1
105444,marquez grabs pole for americas grand prix,Technology&Science,Technology&Science,1
190645,some mangos sold in new jersey recalled,Health,Health,1
129159,ford motor company nysef  Eford mustang celebrates 50th birthday with  ,Technology&Science,Technology&Science,1
174226,apple samsung patent battle coming to a close,Technology&Science,Technology&Science,1
231130,samsung galaxy note 4 specs leak 57inch qhd 2k display in the works for  ,Technology&Science,Technology&Science,1
409176,vacation alert flesheating ocean bacteria vibrio vulnificus hospitalizes 32  ,Health,Health,1
400133,new york second in nation for chikungunya,Health,Health,1
40390,xmen days of future past  Ecan humans actually mutate to have superhuman  ,Economy,Economy,1
45370,minecraft for oculus rift cancelled in wake of facebook deal,Technology&Science,Technology&Science,1
190425,artist of the week lana del rey,Economy,Economy,1
347729,health ministers meet in accra on ebola,Health,Health,1
94452,studios sue defunct website for infringement,Economy,Economy,1
313105,gary oldman defends mel gibson describes hollywood as run by jews,Economy,Economy,1
1141,elephants can gauge threat from human voices study finds,Health,Technology&Science,0
49798,new to county health rankings commuting,Health,Health,1
252394,europes political earthquake far right win in france shakes established parties,Businness,Businness,1
204465,japan march current account surplus less than expected us114b,Businness,Businness,1
43637,air pollution claims millions of victims worldwide,Technology&Science,Health,0
117581,oh hell yes says ottawa man about blood moon,Technology&Science,Technology&Science,1
132216,bp crisis manager traded on inside oil spill info sec says,Businness,Businness,1
169579,beyonce and jay z announce joint us tour,Economy,Economy,1
373378,pamela anderson files for divorce from rick soloman,Economy,Economy,1
418969,irreversible damage from climate change seen in leaked un paper,Technology&Science,Technology&Science,1
281714,hail hurts crops but not enough to lift prices,Businness,Businness,1
174432,lg unveiling its next flagship on may 27th,Technology&Science,Technology&Science,1
356015,cdc report highlights floridas effort to combat pill mills,Health,Health,1
10143,the pristine fossils of dinosaur found in alaska,Technology&Science,Technology&Science,1
3729,former wwe diva stacy keibler marries in secret ceremony to jared pobre,Economy,Economy,1
80560,why maryland chose connecticuts model for health exchange overhaul,Businness,Businness,1
376238,federal drug chief visits roanoke,Health,Health,1
26400,eminem and rihanna announce tour pamela anderson worried about sex  ,Economy,Economy,1
209902,bradley coopers exwife slams him in book,Economy,Economy,1
207094,expectant moms at higher risk of car accidents canadian study warns,Health,Health,1
142361,do you feel that your personal information is safe,Technology&Science,Businness,0
26708,belle knox strip club photos holy nsfw in nyc,Economy,Economy,1
21645,sony project morpheus virtualreality headset will take gamers into the  ,Technology&Science,Technology&Science,1
55915,autism starts prior to birth with brain cells according to research,Health,Health,1
199922,in the papers us plan to close pfizer tax loophole could scupper astra bid,Businness,Businness,1
172094,the worlds fastest animal is paratarsotomus macropalpis a tiny mite that beast  ,Technology&Science,Technology&Science,1
232435,amy purdy  derek hough our accomplishments are better than the dwts  ,Economy,Economy,1
142472,yen falls versus major peers after japans trade deficit widens,Businness,Businness,1
168788,game of thrones season 4 episode 4 recap oathkeeper,Economy,Economy,1
109300,mainecare opioid restrictions seen to sharply cut painkiller abuse,Health,Health,1
211702,firing of top ny times editor jill abramson sparks fury among women journalists,Economy,Businness,0
103576,download free passes for transcendence in baltimore or dc,Economy,Economy,1
361758,google censorship a slippery slope,Technology&Science,Technology&Science,1
192679,samsung galaxy s5 mini new leak confirms specs,Technology&Science,Technology&Science,1
271465,john green the fault in our stars film is true to the book,Economy,Economy,1
245542,treasury dept claims no knowledge of ignition switch issues,Businness,Technology&Science,0
201568,when will i start feeling like a mom,Economy,Economy,1
36952,game of thrones author gives lucky fan fullsize replica of iron throne,Economy,Economy,1
22605,glee turns 100 with homage to the past,Economy,Economy,1
20354,too many patients are getting unnecessary brain scans,Health,Health,1
374949,insane clown posse lawsuit against fbi dismissed,Economy,Economy,1
103882,holy week services planned throughout north shore keeping the faith,Economy,Economy,1
51597,office for ipad is here and its free mostly,Technology&Science,Businness,0
18363,honda recalls nearly 900000 odyssey vans in us for fire risk,Technology&Science,Technology&Science,1
19556,brittany kerr jason aldeans mistress dating him after cheating scandal,Economy,Economy,1
286001,worlds largest ocean may lie below the ocean floor,Technology&Science,Technology&Science,1
300344,update 3us radio deejay shaggy voice casey kasem dead at 82,Economy,Economy,1
42372,google now cards land on chrome desktops and notebooks,Technology&Science,Technology&Science,1
121935,tonight the blood moon,Technology&Science,Technology&Science,1
170123,your family is priority number one taking care of your health  ,Health,Health,1
386307,aidsrelated deaths and new hiv infections fall by third in decade un,Health,Health,1
343849,jpmorgan ceo jamie dimons letter to shareholders,Businness,Businness,1
339625,leaked benchmarks reveal samsung galaxy mega 2 specs,Technology&Science,Technology&Science,1
152310,europes economic recovery shows signs of strengthening,Businness,Businness,1
125377,google glass sales day a success,Technology&Science,Technology&Science,1
14420,maks chmerkovskiy vows to keep his time on dancing with the stars dramafree,Economy,Economy,1
42312,apple emails parents how to get refunds for kids unauthorized purchases,Technology&Science,Technology&Science,1
251635,kanye west marries kim kardashian in florence italy,Economy,Economy,1
169015,andrew garfield of the amazing spiderman 2 tells us what it means to be a hero,Economy,Economy,1
71271,costcutting set up gm for model flaws,Technology&Science,Technology&Science,1
39057,un says 2013 extreme events due to warming earth,Technology&Science,Technology&Science,1
343534,doctors group urges fewer pelvic exams,Health,Health,1
26682,teen porn star belle knox will return to college despite threats,Economy,Economy,1
380135,smart contacts keep an eye on blood glucose levels,Health,Technology&Science,0
250384,watch dogs gameplay videos show off racing shooting  flagcapturing,Technology&Science,Technology&Science,1
327324,friendly notice the nexus program lives,Technology&Science,Technology&Science,1
345702,bbc announces sherlock will return with a special and three episodes  Esome  ,Economy,Economy,1
263734,iphones ipads hacked and held for ransom in australia and new zealand by  ,Technology&Science,Technology&Science,1
78401,lindsay lohan admits shes been very close to relapsing on own show,Economy,Economy,1
420920,in response to hello kitty not being a cat peanuts confirms snoopy is a dog,Economy,Economy,1
188684,mobile gaming gets crushed by candy and kingcom,Businness,Businness,1
167156,apple rolls out new cheaper macbook airs,Technology&Science,Technology&Science,1
357840,new york ap  Eariana grande will perform…,Economy,Economy,1
291896,game of thrones season finale review bad parenting abounds,Economy,Economy,1
315336,google announces a slew of new apps for glass,Technology&Science,Technology&Science,1
25717,appspy will be streaming this weeks best new ios releases on twitch at 5pm  ,Technology&Science,Technology&Science,1
171299,alstom accepts ge offer for its energy unit sources,Businness,Businness,1
368086,samsung earnings hit by slowing china sales,Businness,Technology&Science,0
367667,baby dolphin rescued in florida on july 4th,Technology&Science,Technology&Science,1
251099,ti and floyd mayweather what caused the fight,Economy,Economy,1
52102,samsung launches gear fit fitness band and gear 2 gear 2 neo smartwatches  ,Technology&Science,Technology&Science,1
29662,national voices why not let consumers control their health care choices,Health,Businness,0
261301,german tabloid publishes upskirt pictures of kate middleton,Economy,Economy,1
65309,politics prison partisanship and piety  Ea collection of thoughtprovoking  ,Economy,Economy,1
369985,mass company developing remote control contraceptive chip,Health,Health,1
294342,argentina wont submit to extortion on debt to us,Businness,Businness,1
250717,trailer watch denzel washington in antoine fuquas the equalizer,Economy,Economy,1
65882,no legalizing medical marijuana doesnt lead to crime according to actual crime  ,Health,Health,1
98899,despite the woody allen association bullets over broadway is an excellent  ,Economy,Economy,1
306715,tmobile test drive lets you borrow an iphone 5s for a week,Technology&Science,Technology&Science,1
138727,miley reschedules kc tour stop for aug 12,Economy,Economy,1
220264,google and apple reach peace settlement in smartphone patent wars,Technology&Science,Technology&Science,1
22022,googles chat programs go down millions panic,Technology&Science,Technology&Science,1
229195,sunscreen concerns,Health,Health,1
186237,russell foster slideshow for may 10,Economy,Technology&Science,0
98434,final season teases both sides of mad men,Economy,Economy,1
404014,jazz is easier to record than pop says lady gaga,Economy,Economy,1
357281,hog rally set for squamish debut,Businness,Technology&Science,0
245611,windows phone file manager to be called files land in june,Technology&Science,Technology&Science,1
265379,maya angelou  an appreciation,Economy,Economy,1
394363,blackberry boosts security assets with germanys secusmart,Technology&Science,Technology&Science,1
261618,watch first trailer for this is where i leave you starring jason bateman tina fey  ,Economy,Economy,1
362747,google receives 562 removal requests from irish users,Technology&Science,Technology&Science,1
10353,web inventors biggest surprise about the internet kittens,Technology&Science,Technology&Science,1
281981,pf changs hackers seize customers credit and debit card info,Businness,Businness,1
353733,united kingdom launches probe of facebooks emotion experiment,Technology&Science,Technology&Science,1
222194,odisha born film maker jitendra mishra in cannes producers network 2014,Economy,Economy,1
20687,marijuana news colorado pot business hires former top state regulator,Businness,Businness,1
292482,malia obama worked on set of halle berrys extant,Economy,Economy,1
277938,samsung galaxy tab s first impressions good enough to sway prospective  ,Technology&Science,Technology&Science,1
282112,workers in key us industries getting most pay raises,Businness,Businness,1
390895,insider selling google ceo unloads 33332 shares of stock goog,Businness,Businness,1
79765,pricewaterhousecoopers executives grilled at senate hearing over  ,Businness,Businness,1
115707,durbin and harkin among lawmakers pushing for strict rules on ecigarettes,Health,Health,1
31223,microsoft tries to tempt xp diehards with 100 discount on new pcs,Technology&Science,Technology&Science,1
128096,weibo opens lower in market debut  2nd update,Businness,Businness,1
105536,red bull grand prix of the americas  racing numbers,Technology&Science,Technology&Science,1
170368,10 utilities accounted for 82 percent of all integrated solar capacity in 2013,Businness,Businness,1
315730,toyota reveal the hydrogen future,Technology&Science,Technology&Science,1
139848,gun allegedly used by wyatt earp at ok corral sells for 225000,Economy,Economy,1
53902,old man in a new time schwarzenegger slowly comes back in sabotage,Economy,Economy,1
97082,how to protect yourself from the heartbleed security bug,Technology&Science,Technology&Science,1
204066,pfizer details case for astrazeneca deal update,Businness,Businness,1
149558,sixday winning streak for us stocks,Businness,Businness,1
401613,nintendo losses jump despite 282m mario kart 8 sales and wii u boost sales,Technology&Science,Technology&Science,1
203830,crude turns lower on broadly stronger us dollar,Businness,Businness,1
167774,the loves george clooney left behind,Economy,Economy,1
422256,ebola outbreak could top 20000,Health,Health,1
308124,this roller coaster only goes higher  dont fight it,Health,Businness,0
103093,hoo boy fargo works on tv,Economy,Economy,1
274286,jonah hill apologizes for gay slur i added more ugliness to the world,Economy,Economy,1
75940,liberia two test positive for ebola,Health,Health,1
51310,surge of signups expected to hit healthcaregov before march 31,Businness,Businness,1
137981,news roundup prince announces new album future drops i won music  ,Economy,Economy,1
339094,stock futures advancing ousted american apparel ceo amassing stock twitter  ,Businness,Businness,1
407718,alice cooper band legend dick wagner dead at 71,Economy,Economy,1
383319,las vegas sands posts earnings miss as macau falters,Businness,Businness,1
236302,the official title for batman vs superman is…,Economy,Economy,1
100252,california cruise more than 100 sick,Health,Health,1
125561,ford building 50th anniversary mustang,Technology&Science,Technology&Science,1
69052,noah wins weekend box office race sabotage bombs,Economy,Economy,1
108619,reel reviews oh captain my captain,Economy,Economy,1
389527,beyoncé and eminem lead 2014 mtv video music award nominations,Economy,Economy,1
110253,us government will detail internet exploits except when it doesnt want to,Technology&Science,Technology&Science,1
355370,lea michelle seen with new boyfriend matthew paetz,Economy,Economy,1
238138,gamestop reports higher profit,Businness,Businness,1
167131,nod demonstrates gestural control for connected home devices at ncta,Technology&Science,Technology&Science,1
149823,lytro takes light field photography to the next level with the illum camera,Technology&Science,Technology&Science,1
188780,consumer credit in us climbs by most in more than a year 1,Businness,Businness,1
73316,climate change responses to shape asias future,Technology&Science,Technology&Science,1
82432,how i met your mother title was a fakeout josh radnor,Economy,Economy,1
402686,brown biopic revels in drama dance,Economy,Economy,1
256185,rumor apple revealing ios smart home platform in june,Technology&Science,Technology&Science,1
14062,xbox 360 no longer available with 2 year contract as sku redesign becomes  ,Technology&Science,Technology&Science,1
60151,blackberry ceo promises legal action against product leakers,Businness,Businness,1
100381,gilead announces phase 2 results for two investigational alloral sofosbuvir  ,Health,Health,1
394942,for some reason freddie prinze jr decided to put kiefer sutherland on blast,Economy,Economy,1
193451,colin pillinger 19432014,Technology&Science,Technology&Science,1
42238,htc one m8 handson review,Technology&Science,Technology&Science,1
332289,tv review under the dome promises more mysteries in season two,Economy,Economy,1
329891,gold and interest rates go hand in hand,Businness,Businness,1
4610,rolling up revenue colorado reports 2 million in taxes from legal weed,Businness,Businness,1
104369,study casts doubt on tamiflu value,Health,Health,1
36661,james rebhorn homeland and white collar actor dies at 65,Economy,Economy,1
268108,which devices will get ios 8,Technology&Science,Technology&Science,1
28342,could fetus brain protein hold alzheimers treatment key,Health,Health,1
380880,the first casualty of the fortieth season of saturday night live,Economy,Economy,1
248042,rare meteor shower to illuminate americas,Technology&Science,Technology&Science,1
50979,thai satellite spots 300 floating objects in search for missing malaysia airlines  ,Businness,Businness,1
180636,connector enrollees could lose plans,Health,Businness,0
290727,as fed meeting nears thoughts turn to rates,Businness,Businness,1
70179,tesla motors inc tsla general manager in china departs,Businness,Businness,1
170956,energy future holdings could find new life through bankruptcy,Businness,Businness,1
150871,new york state pavilion named national treasure by restoration group,Businness,Economy,0
305512,blackberry hopes to regain market share with phablets,Businness,Businness,1
8430,premier li calls for new progress in mainlandtaiwan ties,Businness,Businness,1
69162,harry potter spinoff fantastic beasts will be a trilogy,Economy,Economy,1
125325,attention shoppers google glass is sold out,Technology&Science,Technology&Science,1
158504,higher euro could derail eurozone recovery says ecbs draghi,Businness,Businness,1
132593,new york motor show 2014 latest news,Technology&Science,Technology&Science,1
311763,pebble adds misfit watchface for fitness tracking,Technology&Science,Technology&Science,1
86518,anna kendrick hosts snl seeks dongs all over the world,Economy,Economy,1
261454,hayden panettiere pregnant,Economy,Economy,1
395414,the avengers cast members unleash age of ultron footage at comiccon,Economy,Economy,1
86055,2014 acm awards winners list,Economy,Economy,1
385977,what nyc veterans think about the va,Health,Health,1
301968,all eyes on fed as sterling inches lower,Businness,Businness,1
140627,stefani joins the voice,Economy,Economy,1
110244,relax theyve already seen your sexts,Health,Technology&Science,0
36004,nasa spacecraft discovers changes on the red planet,Technology&Science,Technology&Science,1
1188,japanese bitcoin exchange files us bankruptcy case update,Businness,Technology&Science,0
387009,more than 300 dead in malaysian airliner downing ukrainian ministry aide,Businness,Businness,1
315688,mayors of new york san francisco boston and 14 other cities support net  ,Technology&Science,Technology&Science,1
404877,economy minister kicillof if banks want to pay with their own money the  ,Businness,Businness,1
160182,iphone 6 to look like galaxy s iii report,Technology&Science,Technology&Science,1
76449,usda illinois farmers expect to plan slightly less corn and more soybeans this  ,Businness,Businness,1
204809,halflife 2 now available for nvidia shield,Technology&Science,Technology&Science,1
323824,googleio2014 next android version to have better performance revamped ui,Technology&Science,Technology&Science,1
147565,charlie white dancing with the stars cha cha cha video 42114 dwts,Economy,Economy,1
69106,review and trailer noah 12a is a missed opportunity,Economy,Economy,1
277033,articles tagged with airbus a380,Businness,Businness,1
82062,how captain americas chris evans finally got tired of being famous,Economy,Economy,1
136792,say it aint so cheerios coupon fine print now means you surrender your rights,Technology&Science,Technology&Science,1
336459,rolf harris guilty the letter that sealed his fate,Economy,Economy,1
148968,valeant pharmaceuticals will a bid for allergan succeed,Businness,Businness,1
71176,eurusd back to 13740,Businness,Businness,1
233869,targets 1q profit down 16 pct as it deals with customer data breach fallout  ,Businness,Businness,1
327554,aereo ruled illegal by us supreme court as broadcasters win copyright battle,Economy,Technology&Science,0
299060,la mayors fbomb blows up worries about bad words,Economy,Economy,1
165836,experts explain why us didnt use sector sanctions on russia,Businness,Businness,1
297864,coffee snobs can finally get a decent cup of espresso in space,Technology&Science,Technology&Science,1
27334,game of thrones trailer fourth season preview revealed video,Economy,Economy,1
135687,ohios jobless rate drops to 61 pct in march,Businness,Businness,1
54788,emma watson opens up about her religious new role in noah movie,Economy,Economy,1
373908,us teens in middle of pack on financial knowhow,Health,Businness,0
282206,report pokerstars sold to amaya gaming,Businness,Businness,1
408065,sharknado 2 wins with viewers,Economy,Economy,1
167597,microsofts internet explorer has security issue,Technology&Science,Technology&Science,1
19313,dancing with the stars peta murgatroyd explains brooke burke charvets exit  ,Economy,Economy,1
321458,watching too much television can shorten your life span,Health,Health,1
164425,nokia microsoft close us75 billion cellphone deal,Technology&Science,Technology&Science,1
50855,ally financial eyes 31b ipo to trim us stake,Businness,Businness,1
386258,most hiv infections take place in subsaharan africa report,Health,Health,1
339633,samsung unveils galaxy s5 mini,Technology&Science,Technology&Science,1
181185,damages samsung must pay apple kept unchanged at 1196 million,Technology&Science,Technology&Science,1
236983,us insurers lash out at specialty drug manufacturer over high price,Health,Health,1
387177,we did not shoot down plane says ukrainian rebels blame govt,Businness,Businness,1
277912,samsung eyes tablet leadership with galaxy tab s,Technology&Science,Technology&Science,1
417108,controversy erupts over burger kings bkw move,Businness,Businness,1
308210,iraq crisis china boost oil futures,Businness,Businness,1
390947,drugmaker shire agrees to us54 bil abbvie takeover,Businness,Businness,1
403251,jimmy fallon pranks the roots with a scary fifty shades of grey trailer,Economy,Economy,1
363990,archer daniels midland acquires wild flavors for 3 bn,Businness,Businness,1
311764,pebble watch partners with misfit for new fitness tracking app,Technology&Science,Technology&Science,1
285913,google fiber gets green light to operate network in portland ore,Technology&Science,Technology&Science,1
340341,metal workers get ready to march,Businness,Businness,1
30043,malaysian plane hope and activity in perth,Businness,Businness,1
152781,google assumes liability in some of apples patent claims against samsung,Technology&Science,Technology&Science,1
290803,profile of tim cook talks up iwatch reveals processes are essentially  ,Technology&Science,Technology&Science,1
389026,lyndsay lohan to move to london permanently,Economy,Economy,1
226836,gm recalls hit lansing hard,Technology&Science,Technology&Science,1
43864,wall street drops again on slowdown fears,Businness,Businness,1
304041,watch destinys child makes a comeback in michelle williams say yes video,Economy,Economy,1
59887,australians say latest objects need to be checked,Businness,Businness,1
277205,the reason tesla met with bmw is,Technology&Science,Technology&Science,1
21267,gold drops on putin comments us housing data,Businness,Businness,1
418917,climate scientists spell out stark danger and immorality of inaction in new  ,Technology&Science,Technology&Science,1
308297,supreme court epa can regulate greenhouse gas emissions with some limits,Businness,Businness,1
165879,kerry gives russia a zero grade on steps to lower ukraine tensions,Businness,Businness,1
90595,does gdp growth make nigeria ripe for investment,Businness,Businness,1
101757,amazon pays employees to quit,Businness,Businness,1
360463,opie  anthony cohost anthony cumia fired after racist twitter rant,Economy,Economy,1
301928,here come the feds dots,Businness,Businness,1
171740,ocean springs students artwork in google competition,Technology&Science,Technology&Science,1
160089,apple closing in on 800m itunes accounts,Technology&Science,Technology&Science,1
202417,the independent ukraine and russia in music propaganda battle on  ,Businness,Economy,0
53994,arnold reveals plot details for terminator genesis,Economy,Economy,1
74977,walking dead season 4 finale sets ratings record for amc zombie hit,Economy,Economy,1
315095,report supreme court curbs epa plan for carbon regs,Businness,Businness,1
156507,googles street view feature to offer virtual time travel,Technology&Science,Technology&Science,1
287909,philadelphia commuter rail workers return following obamas intervention  ,Businness,Businness,1
400965,wall st up on gdp data twitter has biggest jump ever,Businness,Businness,1
330901,flower mound motorcyclist injured at pikes peak event,Technology&Science,Technology&Science,1
88828,kirstie alley joins jenny craig to lose weight  Eagain,Economy,Economy,1
45758,intruder comes facetoface with kim kardashian,Economy,Economy,1
271270,video miley cyrus films herself smoking a joint partying,Economy,Economy,1
193251,tech companies urge fcc to scrap net neutrality,Technology&Science,Technology&Science,1
272346,australia seeks contractor to take over flight mh370 search,Businness,Businness,1
131856,yellen stresses need for flexibility of policy,Businness,Businness,1
116974,cokes profit declines though volumes improve,Businness,Businness,1
350547,travel channel postpones man finds food following adam richmans viral  ,Economy,Economy,1
223633,gopro files for 100m ipo to list on nasdaq under ticker gpro,Businness,Businness,1
25228,missing malaysia airline search narrows as debris spotted by satellite,Businness,Businness,1
302103,strong chance of british rates hike,Businness,Businness,1
213982,the path of the sun in the martian sky is shaped like a teardrop,Technology&Science,Technology&Science,1
301584,todays best stocks adobe systems incorporated nasdaqadbe  ,Businness,Businness,1
401255,nasa opportunity mars rover sets offearth driving record,Technology&Science,Technology&Science,1
186939,jerrod carmichael on the comic freedom he felt while shooting neighbors,Economy,Economy,1
261837,aidan from sex and the city is back for my big fat greek wedding 2,Economy,Economy,1
394728,gm to offer wireless smartphone charging on select 2015 cadillacs,Technology&Science,Technology&Science,1
43172,kim kardashian kanye west reject charity donation,Economy,Economy,1
300840,pricey hepatitis c pill jumps into debate over drug costs,Health,Health,1
416672,ebola outbreak first briton with deadly disease arrives home,Health,Health,1
152637,galaxy s5 release date,Technology&Science,Technology&Science,1
125270,playstation 4 has now sold 7 million consoles worldwide,Technology&Science,Technology&Science,1
329634,ikea boosts minimum wage for us workers an average of 17 percent,Businness,Businness,1
256587,lg g3 has specs confirmed by dutch lg website,Technology&Science,Technology&Science,1
367619,microsoft windows to boost pc shipments,Technology&Science,Technology&Science,1
2234,catch the throne hiphop mixtape drops to pick up new game of thrones fans,Economy,Economy,1
163478,euro stocks up on positive data,Businness,Businness,1
49009,directors creativity keeps noah from sinking,Economy,Economy,1
199785,international markets roundup,Businness,Businness,1
137396,the morning that changed the world,Businness,Economy,0
387959,apple and ibm promo,Technology&Science,Technology&Science,1
112775,google buys solarpowered drone maker,Technology&Science,Technology&Science,1
115882,cbo deficits to drift lower on lower health costs,Businness,Businness,1
234360,thousands of fastfood workers protest for higher wages unions at mcdonalds  ,Businness,Businness,1
385905,seth macfarlane is being sued for stealing the idea of a pottymouthed teddy  ,Economy,Economy,1
25559,business update google redesigns android to power smartwatches,Technology&Science,Technology&Science,1
290146,crude price set to rally,Businness,Businness,1
360775,box office new holiday films fail to set off fireworks at multiplex,Economy,Economy,1
257420,stones roll back as tour resumes,Economy,Economy,1
86103,acm awards show  040614,Economy,Economy,1
327655,georgia authorities plan heightened alerts for buis heading into july 4th with  ,Technology&Science,Technology&Science,1
85984,seinfeld actor comedian john pinette dies at 50,Economy,Economy,1
332908,all over now as womack dies,Economy,Economy,1
141753,playbillcoms brief encounter with stephen trask on bringing the  ,Economy,Economy,1
175622,star wars 7 casting announcement throws up surprises,Economy,Economy,1
161910,human barbie valeria lukyanova model goes back to the gym not starving  ,Economy,Economy,1
123247,kim kardashian warns sister khloe against relationship with french montana,Economy,Economy,1
161126,top 10 women in comedy,Economy,Economy,1
321832,update 2crafts retailer michaels raises 473 mln in ipo,Businness,Businness,1
191748,4 things you need to know about tesla motors inc,Technology&Science,Businness,0
82327,miley cyrus and avril lavigne fight,Economy,Economy,1
54474,lwren leaves 9m estate to mick,Economy,Economy,1
285777,intels jump leads the dow jones higher today,Businness,Businness,1
141510,danske bank premiership league results,Businness,Technology&Science,0
338053,an african ebola epidemic is now the most deadly ever  Eand its getting worse,Health,Health,1
311647,gas prices in lincoln are up,Businness,Technology&Science,0
96001,family dollar to ax 370 or so underperforming stores,Businness,Businness,1
73083,the walking dead creator and showrunner address all of our terminus  ,Economy,Economy,1
57818,ms office tops app store after just 12 hours of being on sale,Technology&Science,Technology&Science,1
247692,experts say gas prices could be falling soon,Technology&Science,Businness,0
185118,astrazeneca ramps up defence against pfizer as it hikes longterm revenue  ,Businness,Businness,1
96651,walmarts making it cheaper for america to buy organic groceries,Businness,Businness,1
95198,most teens have no sex education before sex,Economy,Health,0
341907,adam levine admits he wasnt paid anything to star in begin again,Economy,Economy,1
68929,microsoft wants windows xp dead and has announced 100 bounty tempting  ,Technology&Science,Technology&Science,1
182879,kanye west ditched plan for spoof skit at wedding,Economy,Economy,1
296606,consumer financial protection bureau federal partners and state attorneys  ,Businness,Businness,1
22772,rolling stones cancel show in australia,Economy,Economy,1
369418,halle berry and goran visjnic give the scoop on extant their intriguing new  ,Economy,Economy,1
172458,gomez flips out over biebers texts,Economy,Economy,1
314766,low rates helping international reit etfs,Businness,Businness,1
263513,live missing flight mh370 not in indian ocean search zone where pings were  ,Businness,Businness,1
227740,are kim  kanye the new britney  justin,Economy,Economy,1
213567,textto911 in emergencies,Technology&Science,Technology&Science,1
121600,amazons iphone competitor purportedly revealed in photos with 6 cameras 3d ui,Technology&Science,Technology&Science,1
64397,mcdonalds offering free coffee for two weeks in taco bell breakfast war,Businness,Businness,1
209084,wandering oregon wolf or7 may have found a mate,Technology&Science,Technology&Science,1
266034,study says cynicism affects health and poses risk to dementia,Health,Health,1
68665,downpour marks earth hour in jakarta,Technology&Science,Technology&Science,1
130416,he placed the knife on my neck  threatened to kill me  himself scandal  ,Health,Economy,0
280543,justin biebers plea deal in dui case  the biebs finally cops a plea,Economy,Economy,1
277220,bmw says met tesla executives to discuss electric cars,Technology&Science,Technology&Science,1
356346,daimler reveals mercedesbenz truck of the future,Technology&Science,Businness,0
407133,internetorg app to debut in zambia,Technology&Science,Technology&Science,1
246737,north west cried not once during kim kardashian kanye west prewedding  ,Economy,Economy,1
286281,fcc to review to netflix verizon dispute,Technology&Science,Technology&Science,1
357272,think your car is americanmade maybe not,Technology&Science,Technology&Science,1
18327,honda recalls minivans cars could catch fire,Technology&Science,Technology&Science,1
198911,review neighbors refreshes the fraternity rivalry special,Economy,Economy,1
395307,somber trailer for the hobbit battle of the five armies arrives video,Economy,Economy,1
215195,pennsylvania museum receives rare footage of fdr walking,Economy,Economy,1
198710,review roundup lea michele megan hilty follow yellow brick road in  ,Economy,Economy,1
81850,having earned his stripes in the first avenger hollywood superhero chris evans,Economy,Economy,1
242908,will ferrell and chad smith have drumoff on tonight show,Economy,Economy,1
246500,nouvelle wag “white god Ewins cannes palm dog,Economy,Economy,1
82378,wale grants twitter tough guy his wish,Economy,Economy,1
192220,china raises tensions with oil rig off vietnam coast,Businness,Businness,1
364123,pilots avoid near miss with another jetliner,Businness,Businness,1
190310,farley mowat a timeline of his life,Economy,Economy,1
118674,who got eliminated on dancing with the stars 2014 last night week 5,Economy,Economy,1
157736,lupita nyongo named people magazines most beautiful person,Economy,Economy,1
37653,disney to acquire maker studios,Businness,Businness,1
263362,spanish yields hit record lows on ecbs easing signals,Businness,Businness,1
135334,what is happening on scandal,Economy,Economy,1
34452,study reveals human ability to detect one trillion smells,Health,Health,1
310143,american apparel hires advisory firm,Businness,Businness,1
310407,housing market sees surge in sales  Eheres why,Businness,Businness,1
234695,flipkart set to buy myntra in rs 2000 crore deal report,Businness,Businness,1
101417,producer prices accelerate 05,Businness,Businness,1
246569,uma thurman john travolta and quentin tarantino unite for pulp fiction 20th  ,Economy,Economy,1
251395,turkeys winter sleep wins top cannes prize,Economy,Economy,1
287235,watch bangerz miley cyrus dating feud selena gomez dissed after liam  ,Economy,Economy,1
24072,ovi checkpoint results for st patricks day,Economy,Health,0
124181,amazoncom to start collecting sales tax in florida,Businness,Businness,1
271995,astrazeneca seeking to get cancer drugs to patients early,Health,Health,1
68393,japans industrial output tumbled in february,Businness,Businness,1
250850,critics corner whats on tv this weekend,Economy,Economy,1
26149,sony unveils project morpheus  Eprototype vr headset for ps4,Technology&Science,Technology&Science,1
270574,justin bieber cant use youth as an excuse for his racist behaviour,Economy,Economy,1
126457,paul walker dead fast  furious star wins posthumous prize with vin diesel at  ,Economy,Economy,1
386034,health of gay  straight people compared in 1st of its kind survey,Health,Health,1
62309,vogue beat out harpers bazaar and vanity fair for the kimye cover,Economy,Economy,1
205304,neighbors topples spiderman to open as no 1 weekend,Economy,Economy,1
9794,gas prices on the rise,Businness,Technology&Science,0
246742,kim kardashian rehearsal dinner pics its lana del ray,Economy,Economy,1
336855,everything you need to know about what happened at the 2014 bet awards  ,Economy,Economy,1
3689,stacy keibler married george clooneys ex ties knot with entrepreneur  ,Economy,Economy,1
28805,appeals court upholds feds cap on debit swipe fees,Businness,Businness,1
411877,5 things explained about malaysia airlines revamp,Businness,Businness,1
44278,cambodias central bank allows chinas icbc to start yuan clearing services,Businness,Businness,1
380946,jenny mccarthy gets weekly siriusxm radio show,Economy,Economy,1
161378,beyonce covers time magazines 100 most influential people issue,Economy,Economy,1
299175,game of thrones star set to play aquaman in batman vs superman,Economy,Economy,1
63983,malaysia plane saga questions answered,Businness,Businness,1
75757,posthumous michael jackson album gets release date,Economy,Economy,1
347176,earth to echo makes those oldschool spielberg films feel new again,Economy,Economy,1
153315,apple piper sees inline fyq2 avondale sees iphone outperformance,Businness,Technology&Science,0
388262,microsoft begins accepting right to be forgotten requests,Technology&Science,Technology&Science,1
381633,chinas alibaba sets entertainment deal with lionsgate,Businness,Economy,0
364427,changing antarctic winds contribute to rising global sea levels,Technology&Science,Technology&Science,1
113423,companies asking customers to change passwords due to heartbleed bug,Technology&Science,Technology&Science,1
297941,new jersey wants tesla back assembly moves bill for direct sales,Technology&Science,Technology&Science,1
413997,sony playstation network shut down after cyberattack,Technology&Science,Technology&Science,1
111847,gm human resources communication chiefs to exit,Businness,Businness,1
60479,methane guidance shows epa mulling sweeping new petroleum regulations,Businness,Businness,1
369009,all five of garth brooks irish comeback shows canceled,Economy,Economy,1
332571,3rd sex abuse lawsuit by exchild model dropped,Economy,Economy,1
268164,apple unveils ios 8,Technology&Science,Technology&Science,1
30567,toyota to pay 12 billion penalty,Businness,Technology&Science,0
184605,mercks consumer business sale doesnt help its shares or bayers,Businness,Businness,1
119877,fda approves mercks grastek an immunotherapy tablet to gradually reduce  ,Health,Health,1
351867,lindsay lohan suing gta star isnt claiming shes the bikini girl in rockstar suit,Economy,Economy,1
234432,gazprom statement on cnpc gas contract,Businness,Businness,1
407059,grab the champagne sprint is in the black,Technology&Science,Technology&Science,1
109353,us beef prices highest since 1987,Businness,Businness,1
220155,texas seat belt click it or ticket push begins,Technology&Science,Technology&Science,1
89686,mickey rooney an evangelical at the end,Economy,Economy,1
289520,euro is heading for a fall,Businness,Businness,1
319467,brad pitt is a hunky soldier in fury  Ewatch the first trailer,Economy,Economy,1
340971,facebook secretly conducts mass experiment on users,Technology&Science,Technology&Science,1
62543,conscious uncoupling gwyneth paltrows split from chris martin,Economy,Economy,1
38176,one of silicon valleys most hyped startups is about to go public,Technology&Science,Businness,0
78533,fan reaction was split after how i met your mother finale,Economy,Economy,1
340547,cuomo administration announces bnp paribas to pay 89 billion for violations  ,Businness,Businness,1
390505,lawsuit filed against popular energy drink,Businness,Businness,1
30624,toyota to pay 12b in penalties to settle us criminal investigation,Businness,Technology&Science,0
209761,miley cyrus makes joke about date rape,Economy,Economy,1
232161,angelina jolie famous moms shouldnt complain we have much more  ,Economy,Economy,1
315151,etihad agrees in principle to take 49 percent stake in italys struggling alitalia  ,Businness,Businness,1
41427,floridas donovan gets 3year extension raise,Businness,Businness,1
359630,google releases android wear app on play store,Technology&Science,Technology&Science,1
414915,beyoncés colorful leotard almost steals the show during her mtv video  ,Economy,Economy,1
227769,kim kardashian celebrity style evolution from sidekick to superstar,Economy,Economy,1
53396,drug relapse for zac efron star in skid row punchup,Economy,Economy,1
304753,american apparel board suspends dov charney as ceo and declares intent to  ,Businness,Businness,1
142098,followers of resurrection rise and fall,Businness,Economy,0
65403,kate middleton attends wedding of close friends in perfect spring style,Economy,Economy,1
165907,the blacklist russian army chief of staff  14 others targeted in new eu sanctions,Businness,Businness,1
351562,officials warn consumers to celebrate independence day safely,Health,Economy,0
224530,ecigarettes are helpful for smokers trying to quit,Health,Health,1
401459,analysts raised blackberry ltds nasdaqbbry valuation range on  ,Businness,Technology&Science,0
372027,calculating the cumulative cost of carbon dioxide emissions,Technology&Science,Technology&Science,1
337099,robin thicke makes another desperate plea for paula patton in 2014 bet  ,Economy,Economy,1
213675,reader discussion  what do you want to see from nintendo at e3,Technology&Science,Technology&Science,1
326660,american apparel said to get arbitration notice after ouster,Businness,Businness,1
247277,dalvance receives fda approval for the treatment ,Health,Health,1
102564,facebook transparency report us asks for most user data india makes most  ,Technology&Science,Technology&Science,1
358180,lea michele not pregnant with baby boy glee stars twitter account hacked,Economy,Economy,1
85288,apple analysis reveals that consumers want larger displays cheaper  ,Technology&Science,Technology&Science,1
260478,yahoo planning youtube rival,Technology&Science,Technology&Science,1
17995,general motors company recalls 15 million more vehicles gm,Technology&Science,Technology&Science,1
264147,russian soyuz spacecraft docks at international space station,Technology&Science,Technology&Science,1
365766,granger on movies transformers age of extinction,Economy,Economy,1
213091,googles search proposals not just a moneyspinner says europes competition  ,Technology&Science,Technology&Science,1
51481,tech stocks citigroup hold back stock market,Businness,Businness,1
60246,bc supreme court certifies conspiracy class action against visa mastercard  ,Businness,Businness,1
382749,profits sink at bofa as litigation eats into results,Businness,Businness,1
352585,us stocks gain on upbeat us payroll report dow rises 054,Businness,Businness,1
72045,phil spencer announced as new head of xbox division,Technology&Science,Technology&Science,1
352536,who urges nations to step up the fight against tb,Health,Health,1
385846,keri russell is simply sexy in london,Economy,Economy,1
220990,beyonce jay z release starstudded trailer,Economy,Economy,1
2646,the bachelor 2014 spoilers who won the bachelor juan pablos final rose,Economy,Economy,1
336574,raw thousands march in ny gay pride parade,Businness,Economy,0
249555,is thomas piketty a fraud,Businness,Businness,1
387114,malaysian plane downed over ukraine,Businness,Businness,1
38551,apple comcast in talks over streaming tv report,Technology&Science,Technology&Science,1
84795,trend alert 6 messaging apps that let teens share iffy secrets,Technology&Science,Technology&Science,1
211427,us consumer sentiment slumps below expectations,Businness,Businness,1
152497,samsung users spend little time with companys own apps,Technology&Science,Technology&Science,1
353346,applications for unemployment benefits increase,Businness,Businness,1
163599,ronald mcdonald has a new look and joined twitter so its officially a midlife  ,Businness,Businness,1
177031,meteor shower will peak this week,Technology&Science,Technology&Science,1
60605,the bmw x7 is officially going to be a huge thing from south carolina,Businness,Businness,1
178597,video circus performers critically injured after scary fall,Economy,Economy,1
158167,ecigarettes face first regulations  2nd update,Health,Health,1
171199,us dollar usd exchange rate mixed following consumer confidence data,Businness,Businness,1
358133,friday afternoon video marvin gaye  star spangled banner,Economy,Economy,1
169772,scent of man freaks out lab mice,Health,Health,1
420976,fx hands series order to zach galifianakis  louis ck clown comedy baskets,Economy,Economy,1
195451,blogger refuses to cover up realities of weight loss photo,Health,Health,1
398379,libyan official assailants abduct free lawmaker,Businness,Businness,1
17815,crap turnover sucky margins tv is a terrible business  Esteve jobs,Businness,Technology&Science,0
127226,heart attacks strokes down sharply among diabetics,Health,Health,1
184591,bayer pens 142 billion merck deal,Businness,Businness,1
381795,vanessa minnillo pregnant again expecting second child with nick lachey,Economy,Economy,1
191802,chinas april crude oil imports at record high,Businness,Businness,1
110671,mad men video  Eseason 7 premiere “time zones E Erecap,Economy,Economy,1
116187,fairly taxing,Businness,Businness,1
3348,will neil young usher in the next breakthrough in the music listening  ,Economy,Economy,1
282830,samsungs new tablets to have richer colors in screens,Technology&Science,Technology&Science,1
144727,maine gas prices up from last week and last year,Businness,Technology&Science,0
123104,xmen days of future past gets one last trailer,Economy,Economy,1
127406,how do sperm recognize eggs mechanism finally found,Technology&Science,Health,0
57089,global marketseuro soft as yields fall china stimulus talk aids stocks,Businness,Businness,1
178821,kanye west to struggle rapper it sounded good im about to get some  ,Economy,Economy,1
285326,teens now smoke less but are texting more frequently while driving  report,Health,Health,1
36825,lady gagas guy is a 7minute film shot at the hearst mansion featuring  ,Economy,Economy,1
402841,watch jimmy kimmel ask a bunch of cosplayers if theyve ever had sex in  ,Economy,Economy,1
106490,captain america tws winning marvel movie with great characters,Economy,Economy,1
154410,robert downey jr shares first image from set of the avengers age of ultron,Economy,Economy,1
167138,put a smart ring on it nod introduces an input device for your finger,Technology&Science,Technology&Science,1
368284,the smile that says shes moved on sofia vergara grins on lunch date with new  ,Economy,Economy,1
42368,google now cards for chrome on their way to your phone,Technology&Science,Technology&Science,1
147523,“dancing with the stars Edrew carey voted off on party anthem week,Economy,Economy,1
63684,with one in 100 australians diagnosed as one the spectrum autism may well be  ,Health,Health,1
24944,marketwired in deal with new york attorney general,Businness,Businness,1
281872,trading radar iraq news fed meeting speculation to dominate the week,Businness,Businness,1
270703,who wins the bachelorette 2014 who does andi dorfman pick spoilers,Economy,Economy,1
140093,singer chris browns bodyguard on trial in washington,Economy,Economy,1
363129,you learn something new every hard days night the beatles classic turns 50,Economy,Economy,1
298691,garmin launches viago navigation app for ios with speed limits lane assist  ,Technology&Science,Technology&Science,1
40683,report mila kunis is pregnant,Economy,Economy,1
204458,japanese dump most euro bonds on record amid ukraine tension,Businness,Businness,1
299961,tracy morgans condition upgraded to fair,Economy,Economy,1
136522,heartbleed slows down the internet,Technology&Science,Technology&Science,1
318382,10 things to know for thursday,Economy,Technology&Science,0
9210,candy crush executives poised to make millions more from float,Businness,Businness,1
329607,state allows 11 marijuana dispensaries to move forward,Health,Health,1
203832,euro remains under pressure,Businness,Businness,1
296615,sun trust mortgage settlement will benefit more than 200 massachusetts  ,Businness,Businness,1
115944,the right is wrong  Eobamacare works,Businness,Businness,1
17549,apple launches cheaper 8gb iphone 5c,Technology&Science,Technology&Science,1
119454,wrestlings ultimate warrior died of heart disease coroner says,Economy,Economy,1
340926,apples carplay is coming to dodge audi jeep fiat  others,Technology&Science,Technology&Science,1
27570,watch man solves wheel of fortune puzzle on first guess,Economy,Economy,1
219541,asia shares mostly down,Businness,Businness,1
86657,captain america sequel shatters records with 962million debut,Economy,Economy,1
27056,broomallraised creator of friends brings jane fonda lily tomlin to netflix,Economy,Economy,1
384093,smaller affordable tesla model 3 due in 2017,Technology&Science,Technology&Science,1
227833,lana del rey to perform at kim kardashian kanye wests wedding,Economy,Economy,1
373241,the bachelorette season 10 episode 8 recap hometown dates plus a  ,Economy,Economy,1
228808,photos will las vegas heroine amy purdy win dancing with the stars finale  ,Economy,Economy,1
107730,spirit airlines racks up most complaints,Businness,Businness,1
267573,bond report treasurys retreat ahead of big week for data,Businness,Businness,1
227252,caleb johnson american idol “as long as you still love me Evideo 52014  ,Economy,Economy,1
335135,galaxy k zoom vs nokia lumia 1025 which camera phone,Technology&Science,Technology&Science,1
342481,andi dorfman bachelorette spoilers star sets the record straight about her  ,Economy,Economy,1
30345,google says its beefed up encryption because of nsa revelations,Technology&Science,Technology&Science,1
232867,6 iranians arrested for dancing to happy song in online video,Economy,Economy,1
9868,google hunts for space in new yorks soho for first retail store,Technology&Science,Technology&Science,1
331899,beyonce and jay z to travel apart,Economy,Economy,1
159956,apple profit tops estimates as iphone demand strong,Businness,Technology&Science,0
126120,of mice and men theater review,Economy,Economy,1
63041,noahs emma watson douglas booth on their onscreen and offscreen chemistry,Economy,Economy,1
414760,a valley mom fights to get her daughters christmas gift from two years ago,Economy,Economy,1
155073,ryan lewis mother is hiv positive macklemore producer starts foundation,Health,Health,1
173677,why central new yorkers can breathe easy and 5 other things to know about air  ,Technology&Science,Technology&Science,1
46157,fast  furious 7 to continue with paul walker and cgi,Economy,Economy,1
415060,queen beyoncé reigns at the mtv video music awards,Economy,Economy,1
23074,shailene woodley talks sunbathing vagina and other secrets,Economy,Economy,1
111361,catching fire gets best film honors at mtv movie awards,Economy,Economy,1
381567,nadine gordimer dead at 90 tributes paid to apartheid novelist,Economy,Economy,1
206096,george clooney fiancée amal alamuddin celebrate engagement with alist pals,Economy,Economy,1
380208,facebook tracking your tv viewing,Technology&Science,Technology&Science,1
330961,facebook manipulated users moods because it could,Technology&Science,Technology&Science,1
160160,the 5 reasons apples earnings report was huge,Technology&Science,Technology&Science,1
112456,private equity math nuveen edition,Businness,Businness,1
157745,star lupita nyongo named peoples most beautiful woman,Economy,Economy,1
162630,11 vaccinepreventable diseases to consider during world immunization week,Health,Health,1
221455,justin timberlake imagine dragons lead billboard awards,Economy,Economy,1
61528,comcast corporation nasdaqcmcsa merger case deferred,Technology&Science,Technology&Science,1
175902,pfizer revenue misses forecasts as generic sales slide,Businness,Businness,1
69709,the walking dead season 4 spoilers marauders try to rape carl in finale,Economy,Economy,1
332469,kerry washington shows off her svelte postpregnancy body in floral frock at bet  ,Economy,Economy,1
367500,top hardware firms join forces on iot standards,Technology&Science,Technology&Science,1
314600,passengers stage 18hour sit in after flight is cancelled,Businness,Businness,1
184834,oecd sees eurozone recovery cautionary on deflation risk,Businness,Businness,1
402746,jill scott talks family involvement spousal abuse in james brown pic get on up,Economy,Economy,1
88166,mozilla has rights just like hobby lobby,Technology&Science,Technology&Science,1
67641,stars offer their condolences over the tragic death of lwren scott,Economy,Economy,1
149189,feds look to stem private student loan defaults video,Businness,Businness,1
178855,kim kardashian rocks trouser suit as she steps out with fiancé kanye west  ,Economy,Economy,1
52027,samsung galaxy s5 launched  priced between rs 51k to 53k,Technology&Science,Technology&Science,1
46382,slo and sb counties rank in top 20 healthiest counties in california,Health,Health,1
86953,palbociclib shows promising results in patients with hormone receptorpositive  ,Health,Health,1
306236,apple unveils new entrylevel 215inch imac starts at rs 79900,Technology&Science,Technology&Science,1
332019,transformers brings in whopping 300 million at box office,Economy,Economy,1
294980,jump street leaps to top as dragon left feeling the heat,Economy,Economy,1
193980,who will walk kim kardashian down the aisle video,Economy,Economy,1
235365,zenimax sues oculus vr over virtual reality tech,Technology&Science,Technology&Science,1
175392,fox gets into the business of making you dread musicals with live tv version  ,Economy,Economy,1
196925,oneplus one to go on sale ahead of schedule,Technology&Science,Technology&Science,1
417408,imf chief christine lagarde charged with negligence in £318m french political  ,Businness,Businness,1
213509,text 911 feature now available on att sprint tmobile and verizon,Technology&Science,Technology&Science,1
1143,an elephant never forgets a voice,Economy,Technology&Science,0
381744,sandra bullock stalker scaled gates of her home broke in through a sunroom  ,Economy,Economy,1
253814,all my children actor matthew cowles dies,Economy,Economy,1
192712,samsung replaces mobile design chief after galaxy s5 backlash,Technology&Science,Technology&Science,1
59317,american idol recap big screen shares top 8,Economy,Economy,1
149634,partners nokia name change shows nadella serious about making  ,Technology&Science,Technology&Science,1
99391,watch first teaser for girl meets world,Economy,Economy,1
45620,actress gwyneth paltrow and coldplays chris martin separate,Economy,Economy,1
2385,obsessed tv report card lindsay is the best reality debut in years,Economy,Economy,1
91089,the rncs poor memory on paycheck fairness,Health,Businness,0
91428,american announces changes to frequentflier programs and checked bag policies,Businness,Businness,1
351617,planning to buy fireworks heres what you need to know,Technology&Science,Economy,0
21431,obama administration announces climate data initiative,Technology&Science,Technology&Science,1
267332,china manufacturing at fivemonth high,Businness,Businness,1
305046,social security closes offices as demand soars,Businness,Businness,1
356929,earthlike planet discovered in binary star system,Technology&Science,Technology&Science,1
154643,people from around the world recite shakespeare lines,Economy,Economy,1
26116,sony reveals project morpheus vr headset for the ps4,Technology&Science,Technology&Science,1
91533,japan drugmaker takeda to fight 6 bln damages awarded by us jury,Businness,Businness,1
305213,emerging market stocks rally with currencies on fed rate outlook,Businness,Businness,1
122387,ellen tries out google glasses,Technology&Science,Technology&Science,1
145218,family and friends of peaches geldof attend funeral,Economy,Economy,1
418936,humancaused global warming may be irreversible,Technology&Science,Technology&Science,1
66025,medtronic makes surprise turn on bloodpressure device  update,Businness,Health,0
412452,sales of us new homes fall in july,Businness,Businness,1
302652,blackberry closing its movie and music portals prior to amazon transition,Technology&Science,Technology&Science,1
21412,personnel and structural shakeup at bank of england,Businness,Businness,1
52833,another dwarf planet discovered in our solar system,Technology&Science,Technology&Science,1
208516,moto e motorola unveils its new budget smartphone,Technology&Science,Technology&Science,1
33149,a dancing congressman has a message for you today be happyvideo,Economy,Economy,1
91445,10 things to know for today,Technology&Science,Businness,0
251289,xmen days of future past dominates holiday box office with 91 million debut  ,Economy,Economy,1
408514,federal mediator joins nys met opera labor talks as lockout looms,Economy,Economy,1
110173,google has intervened in the neverending applesamsung court battle,Technology&Science,Technology&Science,1
45639,gwyneth paltrow and chris martin are breaking up,Economy,Economy,1
144399,cbeyond inc shareholder alert rigrodsky  long pa announces  ,Businness,Businness,1
325906,court will not reinstate new york citys bigsoda ban,Health,Health,1
165808,russia our troops will not invade ukraine,Businness,Businness,1
407331,watch first trailer of spongebob sponge out of water,Economy,Economy,1
276642,london taxi drivers in app protest,Businness,Businness,1
244132,goal for marylanders no burn summer,Health,Health,1
6540,taylor swift is no 1 highestearning music artist  see top 10 list,Economy,Economy,1
313534,bob dylans like a rolling stone manuscript sells for recordbreaking 2 million,Economy,Economy,1
34387,heartbreaking moment a cancersuffering zoo worker says goodbye to his friend,Health,Health,1
85062,infamous second son and the superpowers wed like to see in gaming,Economy,Technology&Science,0
98042,smoke and mirrors the oculus team on taking a ghost story to the big screen,Economy,Economy,1
87984,lead seoul shares almost flat despite us fall,Businness,Businness,1
208558,motorola moto e unveiled for £89 4g moto g tips up too,Technology&Science,Technology&Science,1
349383,qualcomm buys wilocity and releases 60ghz radios,Technology&Science,Technology&Science,1
251414,cannes 2014 nuri bilge ceylans slowburn palme dor and career,Economy,Economy,1
9148,king ipo still a bad bet for investors,Businness,Businness,1
8104,february health coverage signups fall below target,Businness,Health,0
171697,ann arbor elementary student among finalists for doodle 4 google contest,Technology&Science,Technology&Science,1
260517,kim kardashian and kanye west get active on irish honeymoon,Economy,Economy,1
199607,china blames us for tensions between vietnam,Businness,Businness,1
53888,movie review  sabotage ,Economy,Economy,1
237880,house committee approves bill to end doortodoor mail,Businness,Businness,1
186532,spidey still slings,Economy,Economy,1
253252,apple to showcase smart home software at conference,Technology&Science,Technology&Science,1
79140,colbert responds to cancelcolbert with a tongueincheek mea culpa,Economy,Economy,1
113301,internet leeches drawn to heartbleed,Technology&Science,Technology&Science,1
23309,sofia coppola in talks to direct the little mermaid liveaction film,Economy,Economy,1
414603,tributes paid to titan of cinema attenborough,Economy,Economy,1
257672,watch behindthescenes footage of maleficent in new featurettes,Economy,Economy,1
362122,nicky minaj turns to roots,Economy,Economy,1
260718,robert de niro shares memories of his gay father,Economy,Economy,1
335719,nasa tests flying saucershaped vehicle for future mars landing,Technology&Science,Technology&Science,1
295122,new bachelorette 2014episode 6 spoilers revealed,Economy,Economy,1
128287,reevaluating gilead sciences after the selloff,Businness,Businness,1
81466,how technology is helping drive car recalls,Technology&Science,Technology&Science,1
327214,lg g watch vs samsung gear live vs moto 360  an early comparison of  ,Technology&Science,Technology&Science,1
175235,sony kicks off amazing spiderman mission,Technology&Science,Economy,0
141856,marijuana has come a long way since last 420,Economy,Economy,1
307139,general electric cos share price up closes the acquisition of alstoms energy  ,Businness,Businness,1
28671,ukraine orders its military out of crimea held by russia,Businness,Businness,1
49477,trace adkins wife files for divorce after 16 years of marriage,Economy,Economy,1
337317,forbes celebrity 100 beyonce on top bon jovi bruce springsteen in top 25,Economy,Economy,1
136712,nasas spacecraft ladee crashes into the dark side of moon,Technology&Science,Technology&Science,1
66450,us farmers confront,Businness,Businness,1
190450,lions gate to develop power rangers movie,Economy,Economy,1
300494,cooper hospital creates new program for veteran health care,Health,Health,1
205437,fox shakes up next season with a dozen new shows event programming,Economy,Economy,1
405985,17000 interest small purchases trigger big overdraft fees,Businness,Businness,1
146695,novartis restructures business in deals with glaxosmithkline eli lilly 22042014,Businness,Businness,1
368767,jimmy fallon transforms into neil young to sing fancy,Economy,Economy,1
67863,benzino shot by nephew while riding in his mothers funeral procession,Economy,Economy,1
99921,details  and limits  of medicare billing data emerge,Health,Health,1
148109,joss whedon makes new film in your eyes immediately available online for 5,Economy,Economy,1
18369,microsoft word coming to the ipad  news,Technology&Science,Technology&Science,1
98960,debbie rowe wants custody of jackson kids,Economy,Economy,1
315516,the surprising power of yo,Technology&Science,Technology&Science,1
406870,frances iliad confirms us15bil bid for tmobile us,Technology&Science,Technology&Science,1
196561,australia shares end up 08 on yellen jobs china trade,Businness,Businness,1
238595,elon musk blames bribery for air force awarding rocket contract to a competitor,Technology&Science,Technology&Science,1
203437,last call for metronorth bar car,Businness,Businness,1
324151,actor labeouf arrested after disturbance on broadway,Economy,Economy,1
39155,sandberg says facebook rebuffed google nopoaching pact,Technology&Science,Technology&Science,1
323616,android tv gives intel a new shot at the market after previous failures,Technology&Science,Technology&Science,1
89302,captain america largest april opener with 95m,Economy,Economy,1
210456,ben afflecks new ride sends fans into overdrive,Economy,Economy,1
227774,kim kardashian spotted in paris with baby north west ahead of wedding,Economy,Economy,1
344588,google acquires songza to make google music better other products too,Technology&Science,Technology&Science,1
140550,pfister depp reunite for scifi transcendence,Economy,Economy,1
102339,samsung galaxy s5 stability update arrives prior to global launch,Technology&Science,Technology&Science,1
251939,sweetsmakers fight ecigs,Health,Health,1
345118,general motors recalls 82 million additional vehicles,Technology&Science,Technology&Science,1
290561,wsj medtronic in advanced talks to buy covidien for more than 40 bln,Businness,Businness,1
93863,farewell archie beloved character to die,Economy,Economy,1
106175,top 10 twists on the classic grilled cheese,Economy,Economy,1
67184,michael chiklis joins fxs american horror story freak show family of actors,Economy,Economy,1
244452,immune kids could help develop malaria vaccine,Health,Health,1
26192,general motors recall how badly might it hurt gms nascent turnaround,Technology&Science,Technology&Science,1
178496,gregg allman takes legal action to stop midnight rider film,Economy,Economy,1
276892,twitter coo steps down,Businness,Businness,1
136983,facebook encourages stalking with nearby friends,Technology&Science,Technology&Science,1
404015,tony bennett and lady gaga record cheek to cheek,Economy,Economy,1
37910,indexlinked gilts rise as gap between inflation gauges widens,Businness,Businness,1
406809,plug and prey hackers reprogram usb drives to silently infect pcs,Technology&Science,Technology&Science,1
71166,eurusd bulls aim at 13800 as low ez inflation is no big deal for them,Businness,Businness,1
413605,apple recalls iphone 5s for battery issues,Technology&Science,Technology&Science,1
343256,oscar pistorius trial hears testimony about screams following killing,Health,Health,1
76042,fiveaday not healthy enough as sevenaday is now recommended intake,Health,Health,1
256040,iran judge summons facebook ceo zuckerberg to court,Technology&Science,Technology&Science,1
311033,google glass handson review uk explorer edition,Technology&Science,Technology&Science,1
179388,all workerstest negative for mers at indiana hospital official,Health,Health,1
360016,windows 7 xp and 81 desktop share rises while windows 8 falls,Technology&Science,Technology&Science,1
66350,us stocks ease from highs,Businness,Businness,1
156402,heartbleed seeks transfusions from digital wallets,Technology&Science,Technology&Science,1
294654,conflict in iraq could send prices higher at the gas pumps,Businness,Technology&Science,0
105394,russia plans to get a foothold in the moon  dmitriy rogozin,Technology&Science,Technology&Science,1
275824,us retail sales rise modestly nevada official upbeat about 14,Businness,Businness,1
408854,jj unit ethicon withdraws hysterectomy device from market over cancer risk,Health,Health,1
155517,postal workers union plans protest thursday outside staples in bethlehem  ,Businness,Businness,1
145513,game of thrones fans disturbed by incestual rape scene director explains himself,Economy,Economy,1
26795,more of lindsay lohans sexploits revealed orlando bloom ryan phillippe  ,Economy,Economy,1
180905,coke to remove controversial chemical from fanta other drinks,Businness,Businness,1
28604,visa mastercard cut service to two russian banks,Businness,Businness,1
330795,nasa has a flying saucer now flying saucers are cool,Technology&Science,Technology&Science,1
321943,alibaba picks nyse for us ipo,Businness,Businness,1
141569,updated flickr for ios sports new design hd video and image search,Technology&Science,Technology&Science,1
370363,swiss firm linked to schumacher theft,Health,Health,1
274840,groundhog day goes scifi edge of tomorrow reviewed,Economy,Economy,1
65734,katherine webb is engaged to aj mccarron,Economy,Economy,1
279872,celine dion responds to viral all by myself airport star,Economy,Economy,1
109411,bezos offers update on groceries drones,Technology&Science,Businness,0
85958,standup comedian comic actor john pinette 50 dies at pittsburgh hotel,Economy,Economy,1
221701,jennifer lopez sizzles in revealing scarlet gown,Economy,Economy,1
125311,the last of us ps4 release date june 20th,Technology&Science,Technology&Science,1
154359,rb singer chris browns assault trial delayed by bodyguard case,Economy,Economy,1
181465,uk retailer tesco will launch its own androidbased smartphone this year,Technology&Science,Technology&Science,1
9122,candy crush maker sees up to 76 billion ipo valuation,Businness,Businness,1
303895,kanye west says he can improve instagram,Economy,Economy,1
254691,ecbs draghi ecb to push for revising abs market rules,Businness,Businness,1
156082,stocks to watch,Businness,Technology&Science,0
125246,sony says 7 million playstation 4s have been sold worldwide,Technology&Science,Technology&Science,1
255301,update 4pilgrims bid for hillshire puts pinnacle deal in peril,Businness,Businness,1
407873,mike tyson biopic to star jamie foxx,Economy,Economy,1
395571,comic con accident  zombies say they were peaceful,Economy,Economy,1
37979,uk inflation falls further below boe target of 2,Businness,Businness,1
67524,mila kunis shines at cinemacon,Economy,Economy,1
340513,forexeuro dips from sixweek high ahead of ecb meeting,Businness,Businness,1
137279,its like this easter pursuit,Economy,Economy,1
399086,okcupid president explains significance of their experiments on its users,Technology&Science,Technology&Science,1
5110,time warner chief downplays hbo go true detective technical issues,Economy,Businness,0
136622,twitters new mobileapp to reach 1bn,Technology&Science,Technology&Science,1
63614,28032014no guinea travel warning despite ebola outbreak who,Health,Health,1
268422,nissan sets may sales record as car buyers return,Technology&Science,Technology&Science,1
127251,theres some pretty bad news for men with beards,Economy,Health,0
21734,oppo find 7s 55inch quad hd display packs plenty of pixels and more hands  ,Technology&Science,Technology&Science,1
340759,report 58 killed in hospitals in ssudan conflict,Health,Technology&Science,0
366591,repeat uk industrial output falls unexpectedly,Businness,Businness,1
79605,feeling disgustedly surprised scientists identify 21 facial expressions,Health,Health,1
406406,tesla panasonic sign deal for battery gigafactory,Technology&Science,Technology&Science,1
4985,charlie bean sustaining the recovery,Economy,Businness,0
198358,jada pinkett smith slams media over daughters controversial pic,Economy,Economy,1
93173,hong kong plays catch up after asean pact neglect,Businness,Economy,0
179499,students manage stress anxiety,Health,Health,1
150294,nest thermostat briefly spotted on google play,Technology&Science,Technology&Science,1
202834,company creates biometric shirts that measure heart rate,Health,Health,1
396448,the bachelorette andi dorfman makes her choice in season finale,Economy,Economy,1
19319,how did olympians meryl davis and charlie white fare in week 1 of dwts,Economy,Economy,1
287424,selena gomez and justin bieber back together after breakup 2014 slow  ,Economy,Economy,1
170524,3d systems corporation ddd earnings in line with estimates,Businness,Businness,1
22829,rolling stones cancel australia concert,Economy,Economy,1
82184,kaley cuoco a rock star bride  big bang theory beauty touts ryan sweeting  ,Economy,Economy,1
159966,apple given new 62000 price target at goldman sachs aapl,Businness,Technology&Science,0
210199,highlights from solange vs jayz,Economy,Economy,1
307029,two killed overnight after amtrak train slams into truck,Businness,Businness,1
101666,fitch affirms tgps idrs at bbb outlook stable,Businness,Businness,1
65890,fda gives green signal to biogens hemophilia b drug alprolix,Health,Health,1
263100,oil futures tumble as traders expect crudeoil stock build,Businness,Businness,1
266563,krispy kremes tumbles as guidance missing that key ingredient,Businness,Businness,1
315549,facebooks new app slingshot takes on snapchat with groups,Technology&Science,Technology&Science,1
96539,the dows 3 most loved stocks,Businness,Businness,1
128973,zynga finally goes mobile with farmville 2 country escape,Technology&Science,Technology&Science,1
94491,video fifa releases pitbull and jennifer lopezs official 2014 world cup song  ,Economy,Economy,1
77908,googles got jokes their best april fools day posts,Technology&Science,Technology&Science,1
273489,why wifi calling could be the biggest new feature in ios 8,Technology&Science,Technology&Science,1
249014,rob kardashian skips sister kim  kanye west wedding,Economy,Economy,1
7401,the bachelor season 18 finale recap  spoilers 5 reasons why juan pablo  ,Economy,Economy,1
61401,instagram looking to replace foursquare as location service with facebook  ,Technology&Science,Technology&Science,1
277943,samsung tablets stretch advantage with new screens,Technology&Science,Technology&Science,1
38700,us stockindex futures climb after weekly gain as apple rises,Businness,Technology&Science,0
306703,pr newswire,Technology&Science,Technology&Science,1
181466,tesco to launch ownbrand smartphone this year,Technology&Science,Technology&Science,1
326935,verizon profits from telecom oligopoly in the us,Technology&Science,Technology&Science,1
310800,rutgers scientist coleads report on economic risks of climate change,Technology&Science,Businness,0
165699,bofa shares drop after stresstest error halts dividend increase,Businness,Businness,1
70584,us stocks rise dow in triple digit gain,Businness,Businness,1
114101,did you spot banksys getaway van in cheltenham new artwork pops up,Economy,Economy,1
297093,bitcoin integrity endangered by mining pool,Businness,Businness,1
286637,nasas new horizons spacecraft to help find evidence of old ocean on  ,Technology&Science,Technology&Science,1
308231,crude oil little changed near 9month highs iraq is still the focus of the world,Businness,Businness,1
247269,us approves new antibiotic for skin infections,Health,Health,1
241101,kurdistan begins pipeline oil exports via turkey,Businness,Businness,1
8058,weed use up cocaine use down study,Health,Health,1
240152,after elevator brawl jay z rachel roy to attend kimye wedding,Economy,Economy,1
16032,survey onethird of uninsured do not plan to buy insurance despite  ,Businness,Businness,1
416640,diem brown of mtvs the challenge is battling cancer for the third time,Health,Health,1
413288,bardarbunga calms down,Technology&Science,Technology&Science,1
319226,gary oldman apologizes on camera for offensive insensitive pernicious ill  ,Economy,Economy,1
304826,amazon fire phone 5 things we like about,Technology&Science,Businness,0
416318,watch pregnant hayden panettiere reveals babys sex on emmys red carpet,Economy,Economy,1
366297,study hookah use up among high school seniors,Health,Health,1
282205,amaya agrees 49bn acquisition of pokerstars and full tilt poker,Businness,Businness,1
86850,goonies sequel may finally be underway,Economy,Economy,1
30216,mt gox reveals it found 200000 bitcoins in old format wallet,Businness,Businness,1
236439,angelina jolie may consider run for political office,Economy,Economy,1
241223,more gm recalls suzuki forenzas made by gm are fire hazards,Technology&Science,Technology&Science,1
40054,gwar frontman david brockie aka oderus urungus confirmed dead,Economy,Economy,1
256542,lg g3 verizon confirmed before may 27 launch,Technology&Science,Technology&Science,1
257554,wiz khalifa scraps adele collaboration from his next album the british singer  ,Economy,Economy,1
89237,game of thrones season 4 premiere biggest hbo ratings since sopranos finale,Economy,Economy,1
203379,update 1under fire pfizer hits back as weighs next astra move,Businness,Businness,1
92862,samsung galaxy ace style launched with android 44 kitkat features  ,Technology&Science,Technology&Science,1
296251,why gentiva health services gtiv is up in afterhours trading today,Businness,Health,0
169857,greek man returning from persian gulf cleared for mers,Health,Health,1
162963,satya nadella outlines his vision for microsoft,Technology&Science,Businness,0
205019,fcc changes its mind on net neutrality again,Technology&Science,Technology&Science,1
86991,obese children cost an additional 19k in medical expenses,Health,Health,1
199239,4 new mers deaths in saudi arabia,Health,Health,1
401327,driverless cars get green light for testing on public road,Technology&Science,Technology&Science,1
239181,ebay database breached site asks users to change password  video,Technology&Science,Technology&Science,1
173706,microsoft warns of internet explorer security gap,Technology&Science,Technology&Science,1
59525,jp runners prepare for boston marathon,Businness,Health,0
8151,doubts raised about stap cell scientists doctoral dissertation,Health,Health,1
183015,coldplay dedicates fix you to good friend mick jagger following lwren scotts  ,Economy,Economy,1
414075,tmobile offers quadruple lte data on simple starter plans,Technology&Science,Technology&Science,1
287195,lea micheles new boyfriend matthew paetz is a gigolo,Economy,Economy,1
38782,gas prices drop around nh maine,Businness,Technology&Science,0
312869,review teenage mutant ninja turtles 35,Economy,Economy,1
92982,ben  jerrys scoops up free cones tuesday,Economy,Economy,1
419599,the rumored 129inch ipad is coming early next year but who is it for,Technology&Science,Technology&Science,1
229858,russia china seal major gas deal bypass us dollar,Businness,Businness,1
77652,un court orders japan to halt whaling program,Technology&Science,Technology&Science,1
270693,the bachelorette recap andi takes the guys to connecticut,Economy,Economy,1
91778,nab ceo gordon smith warns of potential harm and problem with spectrum  ,Technology&Science,Technology&Science,1
408793,fda to regulate labdeveloped tests,Health,Health,1
384597,amazons kindle unlimited is all you can read ebooks for 999 per month,Technology&Science,Technology&Science,1
124564,philly mayor signs order limiting ice detentions,Businness,Businness,1
145052,nokia to be renamed as microsoft mobile,Technology&Science,Technology&Science,1
294405,unicode consortium introduces 250 new emojis yes thats a middle finger,Technology&Science,Technology&Science,1
384220,gulf kingdom aims to swap desert sand for martian soil,Technology&Science,Technology&Science,1
70861,need an obamacare enrollment extension heres what to do,Businness,Businness,1
136473,heart bleed bug test netcraft browser plugin identifies and checks sites  ,Technology&Science,Technology&Science,1
67730,lea michele and her nips attend the kids choice awards,Economy,Economy,1
331894,beyonce and jay z make an example out of justin bieber at their concert  ,Economy,Economy,1
155955,ipad sales fall as apple fans go crazy for iphones,Technology&Science,Technology&Science,1
288978,ap photos miss nevada crowned as miss usa,Economy,Economy,1
328838,bobby womack 70 singersongwriter,Economy,Economy,1
1244,iphone 6 release concept video suggests iphone air may join ipad,Technology&Science,Technology&Science,1
105898,silent birds 44 percent of twitter users have never tweeted,Technology&Science,Technology&Science,1
356903,liverail acquired by facebook inc nasdaqfb to offer video ads,Technology&Science,Technology&Science,1
411025,guardians of the galaxy delivers,Technology&Science,Economy,0
193667,lebron james will star in judd apatows next movie,Economy,Economy,1
165765,bank of americas bad math dividend and stock buyback suspended,Businness,Businness,1
373086,rita skeeters rumors whats really happening with harry potter,Economy,Economy,1
382884,total inadequacy of the feds new tools,Technology&Science,Businness,0
362047,back in the usa paul mccartney returns to stage after virus with tributes to  ,Economy,Economy,1
59190,teenage mutant ninja turtles fans rejoice movie trailer is here,Economy,Economy,1
78049,rising temperatures a threat to economy,Technology&Science,Technology&Science,1
381788,nick and vanessa lachey announce baby news in the cutest possible way,Economy,Economy,1
300204,young star zendaya will play aaliyah in biopic,Economy,Economy,1
303180,nwa biopic cast revealed shooting begins in august,Economy,Economy,1
10196,waterrich gem points to vast oceans beneath earth,Technology&Science,Technology&Science,1
110475,what your favorite game of thrones actors would do at a westeros wedding,Economy,Economy,1
389112,the 99 percent rise up in the purge anarchy,Businness,Economy,0
170510,3d systems q1 earnings hit target outlook cautious,Businness,Businness,1
389985,2 fla cases of mosquito virus contracted in us,Health,Health,1
31065,arrest of secretleaking exmicrosoftie raises hotmail privacy concerns updated,Technology&Science,Technology&Science,1
250080,dinosaur fossil unveiled at australian museum proves bibles creation story,Technology&Science,Technology&Science,1
204518,moon visits a fading mars in saturday night sky,Technology&Science,Technology&Science,1
290067,checkout glitch jams target registers retailer says problem fixed,Businness,Businness,1
407602,george christy talks about james brown get on up chadwick boseman and  ,Economy,Economy,1
159035,microsoft beats expectations with nearly unchanged revenue,Businness,Businness,1
53875,heres hoping a good director doesnt sabotage his great copflick career,Economy,Economy,1
354929,once upon a time has found their elsa,Economy,Economy,1
258540,abortion clinic limits on doctors tested in wisconsin alabama,Health,Health,1
111339,pictures mtv movie awards fashion 2014,Economy,Economy,1
420954,fx picks up louis ck comedy starring zach galifianakis,Economy,Economy,1
184965,chinas alibaba files for landmark ipo,Businness,Businness,1
238152,gamestop corporation gamestop reports first quarter 2014 results,Businness,Businness,1
84989,microsoft eyes up apple carplay rival windows in the car,Technology&Science,Technology&Science,1
149456,att q1 profit slips but tops view revenues up,Businness,Businness,1
79952,facebook chief sheryl sandberg sells shares fuelling exit speculation,Technology&Science,Businness,0
23481,miley cyrus tour bus 911 call,Economy,Economy,1
226915,button quota facebook releases relationship ask,Technology&Science,Technology&Science,1
92072,comcast the little guy theres competition everywhere the company argues,Technology&Science,Technology&Science,1
143284,us dragon spacecraft arrives at space station nasa,Technology&Science,Technology&Science,1
10377,the world wide web is 25 years old,Technology&Science,Technology&Science,1
195298,welfare reform impacting on mental health,Health,Health,1
195243,local organizations continue advocacy efforts during mental health awareness  ,Health,Health,1
286458,e3 2014 destiny gameplay trailer sells you on the experience,Technology&Science,Technology&Science,1
281495,us producer prices slipped 02 percent in may in sign of tame inflation  the  ,Businness,Businness,1
290783,ceo tim cook making apple his own,Technology&Science,Technology&Science,1
134585,heaven is for real,Economy,Economy,1
135788,nj unemployment rate inches up to 72 percent,Businness,Businness,1
383109,report californians actually using more water during drought,Businness,Businness,1
325264,multifaceted actor eli wallach dies at 98,Economy,Economy,1
410682,julia roberts confronts the dog thats afraid of her face,Economy,Economy,1
213314,technology titans apple google call truce in smartphone patent war,Technology&Science,Technology&Science,1
82978,frankie knuckles dies at 59 dj helped create house music,Economy,Economy,1
196664,battle for chinas mobile internet shakes up stodgy industries from banking to taxis,Businness,Businness,1
65353,american horror story freak show paleyfest casting and more,Economy,Economy,1
377550,critics say citigroups deal not enough,Businness,Businness,1
157940,gene therapy may boost hearing study finds,Health,Health,1
361289,mortgage rates drop to near 4,Businness,Businness,1
51162,citigroup gamestop lululemon are stocks to watch,Businness,Businness,1
91656,gm makes single largest investment in detroithamtramck plant for next gen  ,Businness,Businness,1
101252,update 1iac increases stake in tinder report,Businness,Businness,1
165708,math error halts bank of americas stock buy back and dividend increase,Businness,Businness,1
54176,full teenage mutant ninja turtles trailer kicks serious shell,Economy,Economy,1
218056,cannes watch jones premieres the homesman,Economy,Economy,1
78734,kaley cuoco didnt chop off her locks,Economy,Economy,1
248347,apple seeks order to block some samsung phones,Technology&Science,Technology&Science,1
148951,valeant offers to buy botox maker allergan for 47 bln,Businness,Businness,1
173497,us businesses step up hiring in april,Businness,Businness,1
377111,stocks snap higher on wall street citigroup up,Businness,Businness,1
354273,the notebook 10year anniversary ryan gosling hated exgirlfriend rachel  ,Economy,Economy,1
253833,doctor jim carreys inspiring commencement address to management grads  ,Economy,Economy,1
45376,how  why did facebook acquire oculus vr for 2 billion what is the future  ,Technology&Science,Technology&Science,1
136389,nasa discovers first earthsized planet in habitable zone,Technology&Science,Technology&Science,1
318208,the health app is intriguing for apple but data suggests it wont move the  ,Technology&Science,Technology&Science,1
179633,vampire therapy to reverse ageing,Health,Health,1
244382,comatose woman gives birth to a baby boy,Health,Health,1
92365,72 of americans refuse google glass over privacy concerns report,Technology&Science,Technology&Science,1
229464,mosquitos test positive for west nile virus in san jose fogging to begin early,Health,Health,1
25851,hands on samsung galaxy s5 sticks to formula,Technology&Science,Technology&Science,1
400338,countdown begins for first 7879 commercial flight,Businness,Businness,1
381566,s african noble laureate nadine gordimer dies,Economy,Economy,1
197577,watch out rare goblin shark caught off florida keys,Technology&Science,Technology&Science,1
90474,government says 2015 medicare payments to rise not fall,Businness,Businness,1
401505,blackberry scoops up secure voice and text maker,Technology&Science,Technology&Science,1
172893,ecb measures may be warranted despite inflation pickup in april,Businness,Businness,1
270378,no pr needed jonah hill gives authentic apology for homophobic slur,Economy,Economy,1
211466,duly noted steinberg former sac capital trader sentenced to prison time fine  ,Businness,Businness,1
255495,hidden cash twitter hunt sweeps san francisco  people speaks to the man  ,Businness,Businness,1
351142,katy perry accused of plagiarising dark horse single from a group of  ,Economy,Economy,1
179154,girls on men podcast season 7 episode 4 with mad mens stephanie drake,Economy,Economy,1
325844,new yorks ban on big sodas illegal court,Health,Health,1
48663,visionary or nuts facebook ceo zuckerbergs multibillion deal raises  ,Technology&Science,Technology&Science,1
159767,scientists rediscover ship that sank near sf 126 years ago,Technology&Science,Technology&Science,1
182477,kanye west and kim kardashian maybe sorta possibly got married,Economy,Economy,1
148790,biz break gileads new hepatitis c drug produces huge sales in debut quarter,Businness,Businness,1
225803,most expensive divorce in history ordered,Economy,Businness,0
122744,dina lohan pleads guilty to dui,Economy,Economy,1
255237,will new satellite data help locate flight 370,Businness,Businness,1
136580,why the cyberwar against hackers is being lost,Technology&Science,Technology&Science,1
320031,extra scoop rob kardashian has reportedly not spoken to his sisters in weeks,Economy,Economy,1
277708,crew of international space station offers best wishes for world cup  the  ,Technology&Science,Technology&Science,1
216842,spacex dragon spacecraft reentry splashdown a success after leaving the  ,Technology&Science,Technology&Science,1
285569,video how to navigate kennedy expressway closures this weekend,Businness,Businness,1
53637,justin bieber in custody police photos,Economy,Economy,1
179159,mad men season 7 episode 4 recap enter the computer age,Economy,Economy,1
5057,johnson crapo announce agreement on housing finance  ,Businness,Businness,1
96867,sony warns of battery fire risk in vaio computers,Technology&Science,Technology&Science,1
219148,astrazeneca divides shareholders with rejection of pfizers final offer,Businness,Businness,1
138029,what you need to know about whoopis favorite 420 accessory,Economy,Economy,1
65269,paul mcdonald and nikki reed have decided to go their separate ways,Economy,Economy,1
386342,new hiv infections decreasing un reports,Health,Health,1
342175,pippa middletons first tv interview attention over bridesmaid dress was  ,Economy,Economy,1
23090,hollywood embraces 22yearold divergent star hugger shailene woodley,Economy,Economy,1
314464,us crude surges on report washington has approved ultralight oil exports,Businness,Businness,1
408005,lorde to curate hunger games mockingjay soundtrack,Economy,Economy,1
38745,apple comcast reported in talks for streaming tv,Technology&Science,Technology&Science,1
